Company,Revenue Growth (%),Net Income Growth (%),Assets Growth (%),Liabilities Growth (%),Cash Flow from Operations Growth(%)
Apple,2.4966635369323367,1.2986574733043654,0.22533414997805146,0.5333791061301163,3.953496307530191
Microsoft,12.419050092663298,9.098458728304587,11.112747036293724,3.5761244718880536,7.194844494202368
Tesla,35.07345957191711,70.9898011329453,31.005712109878104,18.657285965676085,9.049037443050295
